archivo,bytes,sha256,alcance_de_revision,coincidencias_tematicas_no_equivalen_a_validacion
.github/workflows/playwright.yml,669,b51cb367e18f8a59367d99103c5433934172534d40341e2daaf5efcfa67a0acd,Inventario y busqueda tematica; lectura focalizada segun informe,1
ARQUITECTURA_CYBER_DOJO.md,18253,73740bee168fe605abfcf773813ed9f4196e421787a0ef5ad269ed0eb80b5b01,Inventario y busqueda tematica; lectura focalizada segun informe,15
Banco de preguntas/Banco de preguntas de ciberseguridad para ciudadanía en Ecuador.docx,34753,fa909274fe10a191bfe2c464be41b87efd81472e97220fbb15e41c863b9ddd59,Texto extraido; enfoque y muestra revisados,
Banco de preguntas/ciberdojo_banco_completo.json,3943938,bdb6432e1ea306d3f9df730d0a3ff7492451c46684a9bd5cbf262749672cf92f,Inventario y busqueda tematica; lectura focalizada segun informe,1758
Banco de preguntas/ciberdojo_casos.csv,321388,443d43cfbf4650aced09da612500f1c69aed335d3c30a7e35383bc14b1e33fcb,Inventario y busqueda tematica; lectura focalizada segun informe,90
Banco de preguntas/ciberdojo_preguntas.csv,582742,59c625fe5990345616de628e777aebd57bce02fde74f9fb1f6f7030eb54d1940,Inventario y busqueda tematica; lectura focalizada segun informe,183
Banco de preguntas/optimizado/banco_700_preguntas_300_casos.backup_pre_cleanup.json,2250168,5251457948d292207a47c2a271258bb26a0111f764ca8814126685285a1b277f,Inventario y busqueda tematica; lectura focalizada segun informe,1474
Banco de preguntas/optimizado/banco_700_preguntas_300_casos.json,2207836,88d0f61fdfced9deb2b616ad4a7952db1aa2055e5f66f7123a626c023bcb2185,Inventario y busqueda tematica; lectura focalizada segun informe,1466
Banco de preguntas/optimizado/casos_300.csv,356436,b1a03609302bf59711d294db27b4feae127eff3fb9a83fddb82df6850e40d561,Inventario y busqueda tematica; lectura focalizada segun informe,84
Banco de preguntas/optimizado/preguntas_700.csv,675439,e6825cc80d8a8c6e163ab6cda671f3e8f8eab0a7e6e755d5627dcf12f0434173,Inventario y busqueda tematica; lectura focalizada segun informe,195
Banco de preguntas/preguntas_manual_supabase_payload.json,112212,8a9787c4f001ce8647c420aead8b7e382c87a410e43161e6f5cf92fafa3ac66c,Inventario y busqueda tematica; lectura focalizada segun informe,389
BASE_DE_DATOS.md,36365,7b9334cdedae7261880e53955b4f02901cbd43ae5ffe696edba29f1e0758c4e1,Inventario y busqueda tematica; lectura focalizada segun informe,102
central-admin-app/app.js,217357,3fdbf921941a03f9784e4d1380ff209d26f28adb262f2367df72e8689c0b6439,Inventario y busqueda tematica; lectura focalizada segun informe,397
central-admin-app/index.html,59970,03649f631850d22d722aee046063ec070c6d67e5d5d9fd8dd04d8417e0042b16,Inventario y busqueda tematica; lectura focalizada segun informe,39
central-admin-app/package.json,216,82f49b4089bfd2a6465d7ae3e4f82d93544b2fbc20937e2b93e4b7488e58ab98,Inventario y busqueda tematica; lectura focalizada segun informe,0
central-admin-app/server.js,14739,80b677fd01878459845b39561c2f8b0ee3b29084a1a8e022d3d7b0580beb9340,Inventario y busqueda tematica; lectura focalizada segun informe,7
central-admin-app/styles.css,50744,7a8ff93d09417524ca8b1ca291fe1c482894245257738b97ccf1296f2b0fb28d,Inventario y busqueda tematica; lectura focalizada segun informe,51
central-admin-app/tests/tpotService.test.js,3417,517e767b523cba49dd6047ceda03719ff5e3fdf62c7132b841fa76e38af78a8b,Inventario y busqueda tematica; lectura focalizada segun informe,9
central-admin-app/tpotService.js,32926,b73da8946546ec7d28d9daeb74276f9616a54c543145c756a4add1c69382cac4,Inventario y busqueda tematica; lectura focalizada segun informe,128
docs/AI_HANDOFF_CYBER_DOJO.md,40541,22de677c0742240679f0f2a8c5af750a730e530a9c9607c6988326173dbfe3c4,Inventario y busqueda tematica; lectura focalizada segun informe,95
docs/APLICACION_CINEMATICA_LOCAL.md,4271,385b816e087cf4e1f22e050d956499f28c846d5cb26fccd2579a0a3126114c5f,Inventario y busqueda tematica; lectura focalizada segun informe,2
docs/BANCO_Y_APRENDIZAJE_CIBERDOJO.md,13827,63d7cdeae3445dfc2f3d9e1fdf18ef9c77675f76a95a939100f56e317afa54f3,Inventario y busqueda tematica; lectura focalizada segun informe,3
docs/DIRECCION_VISUAL_REFERENCIAS.md,4885,c559531882dbc28543851beeba516110af58160786aeac5f1fed2e25fe4c1902,Inventario y busqueda tematica; lectura focalizada segun informe,0
docs/Ficha-DoggoTeka.pdf,962277,9a898f49bb626a65e0bfdec0c1f649bd6c49877c9fd52d788df09440fe0f4e7f,Inventariado; contenido binario no validado integralmente,
docs/FICHA_DOGGOTEKA.md,2039,df5b8c4359bfdc635e857e844ca158c32c27e80acc30428cad5d921ed0d4fe5d,Inventario y busqueda tematica; lectura focalizada segun informe,0
docs/MANUAL_CIBERSEGURIDAD_IMPLEMENTACION.md,17769,4bd1e2fd45d7265034f6ac5e46dfc004c2be13e717a246329b135b12b07d6563,Inventario y busqueda tematica; lectura focalizada segun informe,44
docs/MANUAL_TECNICO_SENSOR_TPOT.md,19529,3779ee7df175ba966f7809bd383b30ac5d6f28cd1b9f048d71f9f4412c42bbe5,Inventario y busqueda tematica; lectura focalizada segun informe,44
docs/SUPABASE_VERIFICATION_QUERIES.sql,9758,a4d30055bb67c9dbefaa03912d4642322a05d5a8674f45cfee48e893483c9886,Inventario y busqueda tematica; lectura focalizada segun informe,33
docs/TPOT_AI_AGENT.md,2180,fbc97e0790f35bb7386187645eccbec00862e3e295a3edd943e6ddd176ffaba5,Inventario y busqueda tematica; lectura focalizada segun informe,8
docs/TPOT_DEPLOYMENT_CHECKLIST.md,1358,e9ca4268d620b5a79f2dd192c6786d24b294c76fee2d22bab7241b84c4e35aa0,Inventario y busqueda tematica; lectura focalizada segun informe,3
docs/TPOT_INTEGRATION.md,3601,6ae32e4da3430f692ee1935b3c8b0afb1da7e2a6ff000761a9f6cb998fff9772,Inventario y busqueda tematica; lectura focalizada segun informe,14
DOCUMENTO_FUNCIONALIDADES.md,13135,dc2f67c6731dd433dc77e3343fdcdaf4c68d9ce85d36c4f7ae3a0e2c8510d1b6,Inventario y busqueda tematica; lectura focalizada segun informe,27
frases/BUSHIDO_El_Codigo_del_Samurai.pdf,15821,b7b7681da140ad9f640006de40f9b39d102b77e1402857bca76f41edb4fe72ac,Inventariado; contenido binario no validado integralmente,
frases/El_arte_de_la_guerra-Sun_Tzu.pdf,141326,b8c0331640842f862fb1a6432d20ab61562274d2ea721d89d048e1a08cab2bc3,Inventariado; contenido binario no validado integralmente,
frontend/package.json,1496,9ededa37119f742e4cccb7bf8700331ba701a1727fd6702c9bd318cc3e4cb575,Inventario y busqueda tematica; lectura focalizada segun informe,0
frontend/README.md,5044,237293dac5e0aead08feda760c5f0367ed347fd3d66e6534b9f02632f1873163,Inventario y busqueda tematica; lectura focalizada segun informe,4
frontend/src/App.css,91,fe9e9ebdd4f985532bd3a2ba017d9823b02aa551e97246a0a87d430502bc2a69,Inventario y busqueda tematica; lectura focalizada segun informe,0
frontend/src/App.test.tsx,1349,37130eb443cc2fecf626da7710f8fa067043f50d7cc473f1cda632ee81dea6b4,Inventario y busqueda tematica; lectura focalizada segun informe,0
frontend/src/App.tsx,7917,9d676611df2b6074633aff746e632c08fcb09d0feec3b143a890db5b6d6b2ea0,Inventario y busqueda tematica; lectura focalizada segun informe,11
frontend/src/cinematic.css,35709,e1288f10c925129e9b1709257032ae2393d2257bdafb98f4aaa736cdf9216c43,Inventario y busqueda tematica; lectura focalizada segun informe,1
frontend/src/components/AdaptiveQuestionnaire.tsx,8099,7d943e44d08a6bdabef004900cffb38031b21c95a8872ada582c9e53862ec4d9,Inventario y busqueda tematica; lectura focalizada segun informe,10
frontend/src/components/adminshell.css,6708,3a0e3b23b95c8bd868823568ff7a34c17e50df950b4a497fcd70c76ac50a7f47,Inventario y busqueda tematica; lectura focalizada segun informe,0
frontend/src/components/AdminShell.tsx,5963,4afadb0ce465322ca599e917490f2c862c40cb6398cdf2cddbfb7da54b9fa133,Inventario y busqueda tematica; lectura focalizada segun informe,0
frontend/src/components/CinematicPublicShell.tsx,1764,46cfd61147eb5b03b1f00720eaa3ea6b8efa548e5736adbd68750318f4178f7a,Inventario y busqueda tematica; lectura focalizada segun informe,0
frontend/src/components/CyberBushido.tsx,31497,ba532c0a13d4675733a279dba80c6696e623a3ae238f05018a471fcce602670e,Inventario y busqueda tematica; lectura focalizada segun informe,4
frontend/src/components/CyberToast.tsx,2754,bf6f4e4f858bbcf44c45d5cd58e2784527b6b93a9ad58815fcca62ddac25fc8b,Inventario y busqueda tematica; lectura focalizada segun informe,1
frontend/src/components/DojoCompanion.tsx,1743,85a2c0b357d575cf38b582467212d74ed95d9fbeedea8df6a0be0b6d00be1846,Inventario y busqueda tematica; lectura focalizada segun informe,0
frontend/src/components/DojoWebGLBackdrop.tsx,7305,8a47a5ba9ead6387aa9aa5ee72545f361f0333f1e7246976b2828945239868ad,Inventario y busqueda tematica; lectura focalizada segun informe,0
frontend/src/components/GuestRegisterPrompt.tsx,1201,6ba2050e1d4160d09164ddae56c495ea61f0e45951cfc3c986eea06324af43c3,Inventario y busqueda tematica; lectura focalizada segun informe,0
frontend/src/components/KarateBelt.tsx,1924,a722e9517b310a471327f208d5c1013cb71b70770a1323d6ed2472debf0e8070,Inventario y busqueda tematica; lectura focalizada segun informe,0
frontend/src/components/LearningHelpers.tsx,1280,39cc3831aff377d51a997faf11168a76635b904b2d9fa49792e3b9401b6dd1a4,Inventario y busqueda tematica; lectura focalizada segun informe,1
frontend/src/components/OtpCodeStep.tsx,4121,e5bccf2b663626d441d0ccf7d7fabf5a5a5f088f6faec13faba5f4e7e5044b29,Inventario y busqueda tematica; lectura focalizada segun informe,1
frontend/src/components/PageTransition.tsx,1608,78b35067ea6dba495b0d82c803445bb39baf408f3cdf0ba17239a75a29ddddb6,Inventario y busqueda tematica; lectura focalizada segun informe,0
frontend/src/components/PWAInstallPrompt.tsx,11561,67e0daf6d2f22e4702b944dbad890d1396547401a5a7acd8fcaeeb9c5212de1a,Inventario y busqueda tematica; lectura focalizada segun informe,0
frontend/src/components/senseiChallenge.css,7696,4a84d5ba46f1c0d3a15bfa4b6dae39dd573af17367907bcbc38e4f18d094a921,Inventario y busqueda tematica; lectura focalizada segun informe,0
frontend/src/components/SenseiChallengeModal.tsx,17687,d8dd31c187499fb6bedbfa08b4be37d58c603c10690c37d6131d078cf9df049c,Inventario y busqueda tematica; lectura focalizada segun informe,0
frontend/src/components/senseiChallengeTypes.ts,2362,f81033a3138d3473e060069b309abc738a695d37e12273a884806bba4341e413,Inventario y busqueda tematica; lectura focalizada segun informe,0
frontend/src/components/SenseiPortraitSVG.tsx,9314,32031505a00f667cae18b6e21fe2f9cc9ff79d901de3d347ea6e4e3fba883c29,Inventario y busqueda tematica; lectura focalizada segun informe,0
frontend/src/components/SenseiVideoModal.test.tsx,2615,d3a2d77156dad8407569f3712eaae5c231c56595c17a49fea3ce51662f95ad51,Inventario y busqueda tematica; lectura focalizada segun informe,0
frontend/src/components/SenseiVideoModal.tsx,3898,7f6998ddaa8775db4aff981c62facc8e36cdb7018853f1045cf62a50e7369eb5,Inventario y busqueda tematica; lectura focalizada segun informe,0
frontend/src/components/TatamiCombatIntro.tsx,3185,21dabbd28d50be69b4855a75ff8db4a4e807ccb0cf1f74e655db764db51e57a7,Inventario y busqueda tematica; lectura focalizada segun informe,0
frontend/src/components/useSenseiChallenge.ts,12630,43763bc2444debd71b596d7a1cb475f75c956cd97c4d927c46d8644511a37aae,Inventario y busqueda tematica; lectura focalizada segun informe,2
frontend/src/components/VulnScanner/BeltDisplay.tsx,1892,c7dd0f892357ae9a0a83f52c0658b64b79fee8f42e005bfc8c0b10d37e5b6a52,Inventario y busqueda tematica; lectura focalizada segun informe,0
frontend/src/components/VulnScanner/IADualConsultant.tsx,4957,d46ff6e5fd7f1d62a588d1ed9a1319c6d3614f64d92b065c6797dafbdd0a57c3,Inventario y busqueda tematica; lectura focalizada segun informe,15
frontend/src/components/VulnScanner/ScanProgress.tsx,2519,36d0999043ff84f0c8a9ba8e52696e8c2905f7587c1447725680885f5cecf1c1,Inventario y busqueda tematica; lectura focalizada segun informe,0
frontend/src/components/VulnScanner/SecurityReport.tsx,5601,5a5cefa3525c1532d172e066c8f523ab34c088c566bcccf145c7fee4a8b864b5,Inventario y busqueda tematica; lectura focalizada segun informe,3
frontend/src/components/VulnScanner/SystemDetector.tsx,2898,97dbd9bdd29703e6b6cb55d425786537ba40d8d05b86d878bc12c2f2da8fb148,Inventario y busqueda tematica; lectura focalizada segun informe,0
frontend/src/components/VulnScanner/VulnCard.tsx,1861,4bf90eca942bd305d9edc40c7bcbb2c4b414243d6f3118c14ceaab773db8120f,Inventario y busqueda tematica; lectura focalizada segun informe,9
frontend/src/components/VulnScanner/vulnscanner.css,10368,cfe11256219fc6fa53090aba86c208984dd4bfc3604ff2af55eb812ddaa65614,Inventario y busqueda tematica; lectura focalizada segun informe,7
frontend/src/components/VulnScanner/VulnScanner.tsx,10930,fd30e3c9e626f39367164607ea58dc54dd06693d1d47ce7942da1bc51931c483,Inventario y busqueda tematica; lectura focalizada segun informe,0
frontend/src/contexts/AuthContext.test.tsx,4717,84be83d73cdeb4fa3993a38cffb22d83da1b01b6d9605e355db735dd6e9156db,Inventario y busqueda tematica; lectura focalizada segun informe,3
frontend/src/contexts/AuthContext.tsx,7737,d4dc7d66ede5f8b6215ba8637b90bfef0ecc558a699f18208b8ee20a37d1447a,Inventario y busqueda tematica; lectura focalizada segun informe,5
frontend/src/contexts/DojoAudioContext.tsx,6771,673921239be1330db45abc73fbb6f14845cee2c5a433750cbcd62ebdd2efbab2,Inventario y busqueda tematica; lectura focalizada segun informe,3
frontend/src/contexts/ToastContext.test.tsx,3384,271b4d83cd213d4fcd53b72e257ede669c3d0c718cc820103a795a2a22708bcd,Inventario y busqueda tematica; lectura focalizada segun informe,4
frontend/src/contexts/ToastContext.tsx,1468,b766af2c35608b1617fc2dac66be657750a0d876629c174738fdc467b8e1f6e1,Inventario y busqueda tematica; lectura focalizada segun informe,4
frontend/src/data/characters.ts,7258,31080fde280b177d974f03eff9d128b6f49bc57815f86a824eabc9bca4149b24,Inventario y busqueda tematica; lectura focalizada segun informe,1
frontend/src/data/ciberDojo.ts,2817,d9f785fadf9bbfc8804f96ab999a64bece847f8b99ded5855499c3336f841237,Inventario y busqueda tematica; lectura focalizada segun informe,0
frontend/src/data/learningCatalog.json,5265,6f4bc82a3c135ffdd3b9b571cfeec50e7bb9faff31609033340cf7bd957d6858,Inventario y busqueda tematica; lectura focalizada segun informe,0
frontend/src/data/scanChecks.ts,7306,8ad01c05397a5a868d34b4592e4da81cb41d88a33a5bd213535c13230373394d,Inventario y busqueda tematica; lectura focalizada segun informe,16
frontend/src/data/vulnerableVersions.ts,2384,96d1b603d3cf1a092c82ab1f224c4e25a80f379fa49f5eeceeec6c057ae47fe7,Inventario y busqueda tematica; lectura focalizada segun informe,0
frontend/src/declarations.d.ts,116,ec78a80a2a411affb662bc068b8c233f60d8f22246272cfb4ac46c157008cccf,Inventario y busqueda tematica; lectura focalizada segun informe,0
frontend/src/hooks/useMediaQuery.ts,387,551642fcd01f8fccbf98d0de2b9a65572cdd77452d2af7534de9456f4946269a,Inventario y busqueda tematica; lectura focalizada segun informe,0
frontend/src/hooks/useModalA11y.ts,1918,00ecd1f2174f1a594afb6cb432635bea3b6a6656c0a79d540792eb776c6ac1e6,Inventario y busqueda tematica; lectura focalizada segun informe,0
frontend/src/hooks/usePWAInstall.ts,2962,673aea28a241bd50505e39d6144428e01a8d68ea8cebc0808d6e3da6cb1612ad,Inventario y busqueda tematica; lectura focalizada segun informe,0
frontend/src/hooks/usePwaInstallPrompt.ts,870,e024776a1f656e3a3bc404c10c47edb19d7f1d41af13ec764cb925f95f9870d6,Inventario y busqueda tematica; lectura focalizada segun informe,0
frontend/src/index.css,99309,ee77bfc49b18cd788ba4de425536f8f2b1dc2c597b3c1d45fa8203bf8b66e98f,Inventario y busqueda tematica; lectura focalizada segun informe,11
frontend/src/index.tsx,629,dd8a47ac44fdf66fe3d52a36b274f37d144be116af4d1c01663ac6f15d2eb238,Inventario y busqueda tematica; lectura focalizada segun informe,0
frontend/src/lib/authErrors.ts,813,b80bd61613c111f0dd8073cd647657784ffec837ccbde584418d6ee37b065dcc,Inventario y busqueda tematica; lectura focalizada segun informe,2
frontend/src/lib/safeRedirect.test.ts,869,3e6d6a528ff0ca804e093b55885007b4e501e372c24c4f5f6b09cffe3c737c5a,Inventario y busqueda tematica; lectura focalizada segun informe,1
frontend/src/lib/safeRedirect.ts,1042,3b3eb30aad4dcbd63cc94fa69e7d9de27079f7ed9a0fe7d258102486ec278af3,Inventario y busqueda tematica; lectura focalizada segun informe,5
frontend/src/lib/safeUrl.test.ts,1340,79e1f867fff83ae47aba87621a17683d48897ce45aff72bc85456519deeec5c3,Inventario y busqueda tematica; lectura focalizada segun informe,0
frontend/src/lib/safeUrl.ts,1006,3fdb4ae9f397e058390a3c62bf97bf2b3c3cb05cad788771440000261fdc4024,Inventario y busqueda tematica; lectura focalizada segun informe,0
frontend/src/lib/supabase.ts,3878,fa235fa8eb85cf2c342bebada8836e618410c29f5088d606c3d7a9b6f309417c,Inventario y busqueda tematica; lectura focalizada segun informe,20
frontend/src/lib/viewAsUser.ts,731,0f6ba8ae7b50ff9f6b2ea7d9a809e62b2170292220a90554ee72a312d74f3e63,Inventario y busqueda tematica; lectura focalizada segun informe,0
frontend/src/react-app-env.d.ts,41,ba027b6f18800b0303aa700e73d8cbffeefd5df864df6be460f5bad437fdc61c,Inventario y busqueda tematica; lectura focalizada segun informe,0
frontend/src/reportWebVitals.ts,425,fa208d5a5ab6d20b64122998b074707dea08d12ed619652955f77df958d85786,Inventario y busqueda tematica; lectura focalizada segun informe,0
frontend/src/screens/AuthCallbackPage.test.tsx,4016,4ccf8a08679ad72e983fefc025e15165c109db3c29e3375d89ed535e43433d27,Inventario y busqueda tematica; lectura focalizada segun informe,0
frontend/src/screens/AuthCallbackPage.tsx,3644,03dbe07bdc43b7b6a09100997b299770f34a78abed9a8b96c8e2a5b4c9c0ecd8,Inventario y busqueda tematica; lectura focalizada segun informe,0
frontend/src/screens/ChampionshipMatchPage.tsx,8724,da2602b4e9126cd6bdbda52a3f31ee983210aa3344e632be701a052c28ef47a0,Inventario y busqueda tematica; lectura focalizada segun informe,0
frontend/src/screens/ChampionshipPage.tsx,7171,4573f24bdd1d330680f2cef03a25534730d1b732e59f2301420375754c6a99f9,Inventario y busqueda tematica; lectura focalizada segun informe,0
frontend/src/screens/CharactersPage.tsx,4277,fc0c3b8f19355cf3dc3d03368c6c6d13c1a03ab9924f9147e64127e11f0cfd51,Inventario y busqueda tematica; lectura focalizada segun informe,1
frontend/src/screens/CinematicDashboardScreen.tsx,4581,e9cfc6ef1530d1845fecf6e40f52ba6fcd6efef6796b869833fd63ff68e8eebb,Inventario y busqueda tematica; lectura focalizada segun informe,0
frontend/src/screens/CinematicLandingPage.tsx,10263,b5671bb59fc38d313985d2281bc015cda092db98ec78695a81dbd72444ca50d7,Inventario y busqueda tematica; lectura focalizada segun informe,1
frontend/src/screens/DashboardScreen.tsx,8272,77f2eb2ccc89e7d02169c1123c6d239174e2e29cb80fcce1c4a58fdc0f0a9eaa,Inventario y busqueda tematica; lectura focalizada segun informe,0
frontend/src/screens/DojoDetailPage.tsx,8171,b48332866c6e67c395457920e131769d15c575236b2ebfd0b05d7b090c6d7db2,Inventario y busqueda tematica; lectura focalizada segun informe,0
frontend/src/screens/DojoListPage.tsx,3576,0705282abe807584905a8c84809fc2c676195db1b3fd9285850360dce945ff44,Inventario y busqueda tematica; lectura focalizada segun informe,0
frontend/src/screens/KataExamPage.tsx,7338,8699895d09df07d04db6a2e3884c854276b19b7a0aeb868b57215abd5941fc22,Inventario y busqueda tematica; lectura focalizada segun informe,0
frontend/src/screens/LandingPage.tsx,12095,0e0ad7fe0df31550e0bbc0e0fe005ed9b59ce93d4145df47edce3bace2a624e4,Inventario y busqueda tematica; lectura focalizada segun informe,0
frontend/src/screens/LeaderboardPage.tsx,5880,90965aa563e374608c980ae832f8f51b14f5b8c0635a807aa345e36fc94dd0ec,Inventario y busqueda tematica; lectura focalizada segun informe,0
frontend/src/screens/learning.css,5573,df4d42c39b2bcb5cdcbe222eeb6964e3b86f6d8f0b53785b6906508518217c04,Inventario y busqueda tematica; lectura focalizada segun informe,0
frontend/src/screens/LearningFlow.test.tsx,4350,fa78a2a0eaa95a931b2e8baae39d7510270d7e16785d011c30cee480fe8add0f,Inventario y busqueda tematica; lectura focalizada segun informe,1
frontend/src/screens/LoginScreen.test.tsx,4864,829eb50584e607e07a3370ba5aaa95421507ecc05d794018ca6e80746af7bebe,Inventario y busqueda tematica; lectura focalizada segun informe,1
frontend/src/screens/LoginScreen.tsx,8058,ebf7b5cd5fd19092fe19261181f877e2c7bfe18379e321348d4b2d4e1240baa8,Inventario y busqueda tematica; lectura focalizada segun informe,7
frontend/src/screens/ProfilePage.tsx,2315,75f759fffc9c34d8171796b33e2bb803c0a0a46f3f59e606a182278aa41e1072,Inventario y busqueda tematica; lectura focalizada segun informe,0
frontend/src/screens/RegisterScreen.tsx,10498,e6bf947ac3fd58d46bf2ece471f7fae73a03c0bc8ad8447cd3fe9eb883391908,Inventario y busqueda tematica; lectura focalizada segun informe,25
frontend/src/screens/ResetPasswordPage.test.tsx,5089,b9705fd0c97f4f0e4e5eb070436b33fdf9c95041670aadbe54e12b9f95826312,Inventario y busqueda tematica; lectura focalizada segun informe,0
frontend/src/screens/ResetPasswordPage.tsx,7229,1d1e1e76c4db5d1449060d10cf5df7a19b72ec74e743fbe2d945423051f39187,Inventario y busqueda tematica; lectura focalizada segun informe,0
frontend/src/screens/ResultsScreen.tsx,6612,53a70a4063b8e8530d50b5accdcc32c9ae8a6bf9a44cf0fa8aea8026996c5a17,Inventario y busqueda tematica; lectura focalizada segun informe,14
frontend/src/screens/SenseiConsultPage.tsx,16410,c3192f3d28ae4a3ff719f2e0949627cdd2c988307b68f682218ee972697a15e2,Inventario y busqueda tematica; lectura focalizada segun informe,9
frontend/src/screens/TenantAdminPage.tsx,16691,0cf3d55b00ed6741333117ef011b51a3106b240ba788145de04957955e74715a,Inventario y busqueda tematica; lectura focalizada segun informe,47
frontend/src/screens/VulnScannerPage.tsx,540,9830ba408fb31b7b9e64ccf51ab11bb0068ae9ba72cacd00d30aa3486be5815c,Inventario y busqueda tematica; lectura focalizada segun informe,0
frontend/src/services/auditorIA.ts,1062,8e3aaddee8cf8db90f98589ff5a043c03be0f6b5e0c84511c598335cc1dfb123,Inventario y busqueda tematica; lectura focalizada segun informe,7
frontend/src/services/learning.ts,1335,bb39a5ddc58d56219674a6d1c463fa656accb731aa827a7374b7f8c1e239131c,Inventario y busqueda tematica; lectura focalizada segun informe,0
frontend/src/services/scanOrchestrator.ts,2243,eda543d772509fb85afcad86e3f7dae090e7131cfaaa63a50f9283edfad35872,Inventario y busqueda tematica; lectura focalizada segun informe,22
frontend/src/services/senseiChallengeEngine.test.ts,4128,c6da9431411cd2420629003f7a43039136b096b6e7f703b5fea505305b1bb3a3,Inventario y busqueda tematica; lectura focalizada segun informe,0
frontend/src/services/senseiChallengeEngine.ts,3884,8b2a3fb3e28bb485eacdc43bb4762f91c0d64fb3843205508ef4432154d318c4,Inventario y busqueda tematica; lectura focalizada segun informe,0
frontend/src/services/senseiIA.ts,3624,68a40b1fe653e57f37ca550a254c78a0dce55079528cc606adbfa75ce52b688c,Inventario y busqueda tematica; lectura focalizada segun informe,2
frontend/src/serviceWorkerRegistration.ts,691,5e382ca6e2534530246f94948331c668fae8bbab0046f6020eb14060940d31d9,Inventario y busqueda tematica; lectura focalizada segun informe,0
frontend/src/setupTests.ts,241,22583759d0045fdf8d62c9db0aacba9fd8bddde79c671aa08c97dcfd4e930cc6,Inventario y busqueda tematica; lectura focalizada segun informe,0
frontend/src/store/dojoStore.ts,851,e14d740a71cf362afae343888b5318823d83fe19b549b092d93999ca02c0ad08,Inventario y busqueda tematica; lectura focalizada segun informe,0
frontend/src/types/three.d.ts,63,084d344e68370c033b47362733524871d845d8e93169fe65111b126eea1d1833,Inventario y busqueda tematica; lectura focalizada segun informe,0
frontend/static-server.js,7139,88bc0b649bb3a13e10cf8d3ccb41cfb0d3937d63bd5564069611eac94b013639,Inventario y busqueda tematica; lectura focalizada segun informe,0
GUIA_LEVANTAMIENTO_PROYECTO.md,26604,adc45f49da943bc3c70cd0b46d2ee3bd25f251b65beca912f2e34013570197a6,Inventario y busqueda tematica; lectura focalizada segun informe,41
manual-central-admin.html,40845,de196763bae43dccc25f1831fd4c8fcdc23fa51d1d1a6f8c78b9199e8b2e011e,Inventario y busqueda tematica; lectura focalizada segun informe,22
MANUAL_ADMINISTRADOR.md,16287,4d596ecf04cf42dcec5770a728272dbe7b836595b347e2aca66c0c7c2eb54d26,Inventario y busqueda tematica; lectura focalizada segun informe,16
MANUAL_USUARIO_CYBER_DOJO.md,13050,9522e69f15e5b6c56ad5f1af14beeab35b40680006453b95f0e9cbe329d3c99c,Inventario y busqueda tematica; lectura focalizada segun informe,7
package.json,399,b39951765dcdeb2c09f33bcb250909a27269a562150bc67b38460590e704ade7,Inventario y busqueda tematica; lectura focalizada segun informe,0
proposal/app.js,20219,6f1744294f7a6728bf88700925b118a1bcc019f88bf1b9e4a8072c537991a51e,Inventario y busqueda tematica; lectura focalizada segun informe,1
proposal/index.html,1354,54ed993a54ea2bb0c168e68bab50a385bdf293b512ee07d1f39459c351f93534,Inventario y busqueda tematica; lectura focalizada segun informe,0
proposal/README.md,2304,3e6494ebf7c881ae6aa41dde249e81a1b1782cc1f4e88bc50aea30cb2a892fde,Inventario y busqueda tematica; lectura focalizada segun informe,0
proposal/server.cjs,46,431b2331b2de4dd2c9476e9fd2af6cf067ffdc36278a4955e1566f069e5608ee,Inventario y busqueda tematica; lectura focalizada segun informe,0
proposal/standalone-server.cjs,1686,80f54f5896937bdd014ccacb058b00adf2ca7408394f39c8c5679382e4ee49b1,Inventario y busqueda tematica; lectura focalizada segun informe,0
proposal/style.css,17140,0d9f2ad9e4760147c5e03abfc23cb3ebb14cf5601454ab088fe0a59f90543a0f,Inventario y busqueda tematica; lectura focalizada segun informe,0
README-centro-de-seguridad.md,8106,c8474b4dac3a8f31c8a3856428a35ce9f5fb960287c282fed3c07ff2d51c95cb,Inventario y busqueda tematica; lectura focalizada segun informe,9
release/cyberdojo-clean-repo/ARQUITECTURA_CYBER_DOJO.md,51640,7956ee8a521756cf1da95e0168065518fb1dec6c1735648651fa23e861f97a56,Documento historico; indexacion y busqueda tematica,44
release/cyberdojo-clean-repo/docs/AI_HANDOFF_CYBER_DOJO.md,30616,012eb5d44e09c029e743a0a8f772d0267e24b725e6ef5465afa6783de0bebc42,Documento historico; indexacion y busqueda tematica,77
release/cyberdojo-clean-repo/docs/AUDITORIA_IA_CODIGO_CYBER_DOJO.md,35235,a270e3e447e7e4ebd7ee5bb8adcdfd0c3486202c8f2dc74ae9808566598998f3,Documento historico; indexacion y busqueda tematica,129
release/cyberdojo-clean-repo/docs/MANUAL_CIBERSEGURIDAD_IMPLEMENTACION.md,17769,4bd1e2fd45d7265034f6ac5e46dfc004c2be13e717a246329b135b12b07d6563,Documento historico; indexacion y busqueda tematica,44
release/cyberdojo-clean-repo/docs/MANUAL_TECNICO_SENSOR_TPOT.md,19529,3779ee7df175ba966f7809bd383b30ac5d6f28cd1b9f048d71f9f4412c42bbe5,Documento historico; indexacion y busqueda tematica,44
release/cyberdojo-clean-repo/docs/TPOT_AI_AGENT.md,2180,fbc97e0790f35bb7386187645eccbec00862e3e295a3edd943e6ddd176ffaba5,Documento historico; indexacion y busqueda tematica,8
release/cyberdojo-clean-repo/docs/TPOT_DEPLOYMENT_CHECKLIST.md,1358,e9ca4268d620b5a79f2dd192c6786d24b294c76fee2d22bab7241b84c4e35aa0,Documento historico; indexacion y busqueda tematica,3
release/cyberdojo-clean-repo/docs/TPOT_INTEGRATION.md,3601,6ae32e4da3430f692ee1935b3c8b0afb1da7e2a6ff000761a9f6cb998fff9772,Documento historico; indexacion y busqueda tematica,14
release/cyberdojo-clean-repo/DOCUMENTO_FUNCIONALIDADES.md,14324,34d3033465bac005df0b40c3653bb5dc072bb2e0c512e52d1e6fc7b997a44147,Documento historico; indexacion y busqueda tematica,36
release/cyberdojo-clean-repo/frontend/README.md,2117,749ba82e0f7f6528d3611c5b74870b6fe2ee98243bf84ecc3a3d8b507291a3c0,Documento historico; indexacion y busqueda tematica,0
release/cyberdojo-clean-repo/GUIA_LEVANTAMIENTO_PROYECTO.md,19524,b6af8005cef7878e1880a64e5911f62993e6a846bfaa1761892a415f52c2528c,Documento historico; indexacion y busqueda tematica,36
release/cyberdojo-clean-repo/MANUAL_ADMINISTRADOR.md,27971,f38fc95827cbea1871988165ccfe01337543b65bd1dd8224cb536763b1a5920b,Documento historico; indexacion y busqueda tematica,17
release/cyberdojo-clean-repo/MANUAL_USUARIO_CYBER_DOJO.md,33192,7c4e57c0211b483f92e5ace13b5998938898100bf53d869dc961d87a43817fc9,Documento historico; indexacion y busqueda tematica,9
release/cyberdojo-clean-repo/README.md,2895,241bf37b6fa525eae437153f4083d7761d0dfe12ec52db470d53fd7dcfd8af5e,Documento historico; indexacion y busqueda tematica,8
release/cyberdojo-clean-repo/SECURITY_PRIVACY.md,4649,383b97c93d87c05334a71a5f34863f2954372285a6a8689265448a8e328fdb63,Documento historico; indexacion y busqueda tematica,4
release/cyberdojo-clean-repo/SETUP.md,4032,70826217a3b4b830069cb02bed6497286098a1d6ea6cb4b4df21b59ccdc46e8f,Documento historico; indexacion y busqueda tematica,6
scripts/build_learning_bank.py,7438,07bb6efed918c1b9372ebbc4f632f2838b0cce83ece3bb3bc49d9fbbc3b9aba7,Inventario y busqueda tematica; lectura focalizada segun informe,1
scripts/capture_proposal_poster.cjs,734,7b7204f0b4bafd57a6bccfa67a2dca0c38870b6aee6e61e9248cfef0a5b35ff2,Inventario y busqueda tematica; lectura focalizada segun informe,0
scripts/finish_cinematic_integration.py,3010,ba6bd8bc4c2d3923ac71d9eca5c154b8c69035134a71c445743035bee8f3c2e9,Inventario y busqueda tematica; lectura focalizada segun informe,0
scripts/inspect_coin_sources.cjs,1598,2bbd1a6540a09234b6a780133d7de7345951d2b1e07251bfe5d746daa86bb010,Inventario y busqueda tematica; lectura focalizada segun informe,0
scripts/inspect_reference_video.cjs,2075,7a5c000eb3772d73308080bfff04d566163f1a5499bb930b5b3880403ea9cebc,Inventario y busqueda tematica; lectura focalizada segun informe,0
scripts/prepare_cinematic_assets.py,2521,6575731edc9aba88accf2bae01747dad86bdd805f852a20239556d1a893ab10c,Inventario y busqueda tematica; lectura focalizada segun informe,0
scripts/serve_cinematic.cjs,2244,2b1a7bf8a8a09a4285ab73c9dd584cee3b2e82b6615e413165538df86d60d993,Inventario y busqueda tematica; lectura focalizada segun informe,0
scripts/stage_learning_release.py,988,04c67e52eb9c9906cac50df8523b0edec486eb3f3ec2c6b1c83ab9c8fde4ede8,Inventario y busqueda tematica; lectura focalizada segun informe,0
scripts/verify_learning_online.py,4515,8a4df1e8de315c3c3b487565ad2890c11058e5c11bc71eb2427dedd5a122ff9d,Inventario y busqueda tematica; lectura focalizada segun informe,0
scripts/verify_learning_web.py,1000,24c101243cc67d6f57469f29d5f661a55c331a5a4aee7fd40bf29993670e2709,Inventario y busqueda tematica; lectura focalizada segun informe,0
SECURITY_PRIVACY.md,5828,c5f98e33fe7934bbbaf58b555d572de2bffac1e56327178d1f0c0a4c4778412a,Inventario y busqueda tematica; lectura focalizada segun informe,4
SETUP.md,4692,2691dbccfa87170c0b2f0f550fe2e660fa3d644abe083a427f825c2551b3cb4b,Inventario y busqueda tematica; lectura focalizada segun informe,6
supabase/config.toml,15532,2da354f699a113e1a23cc739ae5e211da5fa17959fb55d0b97a6949d3f560e73,Inventario y busqueda tematica; lectura focalizada segun informe,18
supabase/functions/_shared/news-agent-core.ts,21007,bec5176ff371f8ff498971e44b46e3f6d14c262dede3ea3b2bb5936f45426e08,Inventario y busqueda tematica; lectura focalizada segun informe,63
supabase/functions/_shared/pii.ts,1635,e97e70134dafd95e639563ede77fef1c4ea053d32522aba2f7be4213d96b018d,Inventario y busqueda tematica; lectura focalizada segun informe,1
supabase/functions/_shared/rate-limit.ts,1890,04070c9959b2dc27b47025a796bd331745340c9faf1c66d5b4225a0af7ab6c4d,Inventario y busqueda tematica; lectura focalizada segun informe,0
supabase/functions/_shared/security-events.ts,2367,5d657900b743570ad437ff6bab5170d6dcefb126cbfab087c62bc80a2b72033e,Inventario y busqueda tematica; lectura focalizada segun informe,1
supabase/functions/_shared/url-guard.ts,2771,c975314c6401c5a285e18c39bd15364d4e1ac27e0071d3bd392c8fdc267044c9,Inventario y busqueda tematica; lectura focalizada segun informe,1
supabase/functions/analyze-email/index.ts,7904,daafeb0233efd76a520c4f18dd90a9435c8e236dd8d941aa0c23422aa5ac346d,Inventario y busqueda tematica; lectura focalizada segun informe,0
supabase/functions/ask-sensei/index.ts,32346,4ae3c3c37296e237a9eeb1c060833e0fb4a29581c2d3dfa48fa69a74d9e693b5,Inventario y busqueda tematica; lectura focalizada segun informe,132
supabase/functions/audit-generated-questions/index.ts,13685,c3862db20c2d80a3e38d0a8cf9c4321229239916b333e338ce94f1b3f17ba33e,Inventario y busqueda tematica; lectura focalizada segun informe,105
supabase/functions/backfill-email-domains/index.ts,4862,70dc41f63981a7b7469af6a760630214e2918b9a0bb704220cf10b6813a1f10c,Inventario y busqueda tematica; lectura focalizada segun informe,1
supabase/functions/calculate-risk/index.ts,5677,1a6ad9054b0ab89f35e79b1d74dec70b94b6607d4c0d3040c6f292f2e25ea984,Inventario y busqueda tematica; lectura focalizada segun informe,20
supabase/functions/championship-draw-round1/index.ts,12698,4983b4e2d0af9c95f12efe576ccebabd88bde0ad4eafb551fdc4e184f1e1e840,Inventario y busqueda tematica; lectura focalizada segun informe,1
supabase/functions/check-security-alerts/index.ts,6045,ea44cbd02f3cf6be726a597543afc27158cd913b6f84cbb57cf1bb78459f8535,Inventario y busqueda tematica; lectura focalizada segun informe,0
supabase/functions/complete-kata/index.ts,4973,f1ab7cad95106868890ed1e84394e397037ec8dcf30fcf5de5b937f9b3c40dc8,Inventario y busqueda tematica; lectura focalizada segun informe,0
supabase/functions/fix-learning-item-balance/index.ts,5876,4ccca0db6b90aaf2ce52ee45d17f9c8b206283cf04b1413c495a8bc2046150b0,Inventario y busqueda tematica; lectura focalizada segun informe,9
supabase/functions/generate-recommendations/index.ts,8248,60f4cf8f0929fb365e8cf16b6ba53f7a8be5eaabb1e3b43aa3cf988a8f3ee79e,Inventario y busqueda tematica; lectura focalizada segun informe,23
supabase/functions/get-private-profile/index.ts,4809,e95cd19c1a40675c5a0e3ed909455580db2e57f8a6ec690eb75072f38649744f,Inventario y busqueda tematica; lectura focalizada segun informe,16
supabase/functions/get-ranking/index.ts,7622,2256e9bc8bae9558240b8ed91bd77d02fe5026ed1c8ec40c5f2786a66721b08f,Inventario y busqueda tematica; lectura focalizada segun informe,0
supabase/functions/import-question-bank/index.ts,9860,a17cf003c596afd45cb8db14867a97c174d574371ac01742611987dc397074ce,Inventario y busqueda tematica; lectura focalizada segun informe,16
supabase/functions/log-login-event/index.ts,2883,d134726961614ade30a10ae282054a9cb1010ad7f995fd07e46e3807a5c9624d,Inventario y busqueda tematica; lectura focalizada segun informe,1
supabase/functions/migrate-user-pii/index.ts,6768,2260b7ee9ec562cae1fda72397cd9e200bcdef10ef29b7ca78f52801c1d6d181,Inventario y busqueda tematica; lectura focalizada segun informe,1
supabase/functions/quiz-generator/index.ts,14031,2dd24655929e23fb86547b06da0abd435f7070ffbbb3cd48b246e4c86f441838,Inventario y busqueda tematica; lectura focalizada segun informe,33
supabase/functions/run-daily-agent-workflows/index.ts,4409,2a5a1bf563a60ea90205f75a7241feecb9a834bec13e027899a88038c562fc97,Inventario y busqueda tematica; lectura focalizada segun informe,2
supabase/functions/run-incident-investigator/index.ts,13818,e0f504172e848264bd17a07aacc6f04246a105494e58893ecf214e517d20ac9b,Inventario y busqueda tematica; lectura focalizada segun informe,44
supabase/functions/run-news-agent/index.ts,13375,43c764e6189c08a14c93fe65ccedb6ae31d5742213311ecc05f65f4c042f0015,Inventario y busqueda tematica; lectura focalizada segun informe,28
supabase/functions/save-app-secret/index.ts,4195,3b263210b2fd8a80d35433f10d39d724fe114604a4046b2cca30cd3aa3d5f8a6,Inventario y busqueda tematica; lectura focalizada segun informe,5
supabase/functions/save-provider-key/index.ts,6899,8beda2235c91f3c0e79d0a9c0f40e66cbc14de96f04f65d7ddf3686bd9ce4b4e,Inventario y busqueda tematica; lectura focalizada segun informe,35
supabase/functions/save-security-alert-config/index.ts,5180,ec6d2cad4518165f1d0a05af7ce738627c2d5b8045a15bfe5ab939d2638639d0,Inventario y busqueda tematica; lectura focalizada segun informe,3
supabase/functions/secure-register-user/index.ts,10802,b5e706ae6b63aafb414b65c42e533b012b3b99de874ed4d02104313921535fad,Inventario y busqueda tematica; lectura focalizada segun informe,18
supabase/functions/security-diagnose/index.ts,6478,2d810f05480c31f31fb24fcfa5da59b2d362d79685b52e92637e88344e75f68e,Inventario y busqueda tematica; lectura focalizada segun informe,17
supabase/functions/security-easm-scan/index.ts,5636,e392ac5ed04688e543dc2797c123173868d243119b36f2cc2ac50e790d66f252,Inventario y busqueda tematica; lectura focalizada segun informe,1
supabase/functions/security-kata-convert/index.ts,7475,cd30ba913c3ebb7ef6a6e6889998c0c273b80df0daaff41ff1fd54fee8dfa023,Inventario y busqueda tematica; lectura focalizada segun informe,2
supabase/functions/vuln-scanner-ai/index.ts,11215,fef7e02b7919572ee390d1a64e931d2f7444f876c7db7e309d6b1a997fbb98a0,Inventario y busqueda tematica; lectura focalizada segun informe,25
supabase/migrations/001_initial_schema.sql,7557,ff76666427807b06fee7f168956935e55190656189912d0d76e81fef4ac7ae38,Inventario y busqueda tematica; lectura focalizada segun informe,8
supabase/migrations/002_rls_policies.sql,3345,b3e6f9c53f0d5c313fbdadf72c5256b8a6e1ca96d25b2fdee652e866991cb9be,Inventario y busqueda tematica; lectura focalizada segun informe,0
supabase/migrations/003_seed_data.sql,12255,43fd177d1bd5269a09448dbdf8f4aceb5d5d71c787673322d785dab07e7f06f6,Inventario y busqueda tematica; lectura focalizada segun informe,38
supabase/migrations/004_admin_center.sql,9713,0e94325d7c46caa7b5d283bca5f96186a889e9695f4c721dee8fa102ee29fc20,Inventario y busqueda tematica; lectura focalizada segun informe,50
supabase/migrations/005_security_hardening.sql,1349,19a31cbcdee76ed3fb4b9a67d18a1e3b516af283b0087f28213f195c4bafa948,Inventario y busqueda tematica; lectura focalizada segun informe,4
supabase/migrations/006_ai_question_workflow_defaults.sql,1449,992311e3a22006042682f779688056a12d2ecd3b9d2ed59fb5363f685d9d2978,Inventario y busqueda tematica; lectura focalizada segun informe,6
supabase/migrations/007_central_admin_ciber_dojo.sql,22799,11689bb0899e98965100a2c6d2c0ee46fc446f36d4a7d2a2f3b69f9f2e284d86,Inventario y busqueda tematica; lectura focalizada segun informe,19
supabase/migrations/008_sensei_consultations.sql,3886,e1dc01274d319b465dceae149adecd667740105a12653c8a2d306a938c9c2524,Inventario y busqueda tematica; lectura focalizada segun informe,4
supabase/migrations/009_belt_exam_katas.sql,18931,5ae85cc271ef594ffe4a3842abb308cfd49b057af77d78c9fdfb8500f481363a,Inventario y busqueda tematica; lectura focalizada segun informe,3
supabase/migrations/010_plain_language_portal_text.sql,4420,543418a4cabf2266cfbf37868a048f8fdbd2ad0886eea30ef1fc33db010d0479,Inventario y busqueda tematica; lectura focalizada segun informe,0
supabase/migrations/011_sensei_audit_agent_report.sql,4707,4adf9cf20c10f1d459436319f20569a15d12207a5f9d0a986cbc598edd2189d8,Inventario y busqueda tematica; lectura focalizada segun informe,54
supabase/migrations/012_encrypt_registration_pii.sql,2931,53cbc7315997891770959d948f67ec85f16b5023efe8a48261713e9f4d6da323,Inventario y busqueda tematica; lectura focalizada segun informe,16
supabase/migrations/013_tpot_integration.sql,4239,b0e34b5c46b7a55ef02f99b78c269df62e390a271a009c49cdeb9f3223bb848c,Inventario y busqueda tematica; lectura focalizada segun informe,21
supabase/migrations/014_ranking_email_domain.sql,829,c8e64f55bea2e228c3c0432bc79596fa58b7704d8c461e5a59467ae14fe0c826,Inventario y busqueda tematica; lectura focalizada segun informe,1
supabase/migrations/015_align_belt_progression_and_points.sql,859,2045e589611af66d03e080d88aec30867c4057700c938f45ca8e403ce6a5bae8,Inventario y busqueda tematica; lectura focalizada segun informe,2
supabase/migrations/016_business_sectors_catalog.sql,4501,edf78779a4218a3bf8c9490d718f53cd9db0726b88b5664479587bf59f81486c,Inventario y busqueda tematica; lectura focalizada segun informe,0
supabase/migrations/017_align_belt_progression_marron.sql,2582,71169a95b8f897b547e3eec6a809c25d8e739eff027034f55cc28d8fa79fcbf7,Inventario y busqueda tematica; lectura focalizada segun informe,0
supabase/migrations/018_campaign_ads_upgrade.sql,4972,c6236da9a01c9ecc66babff33681f328ce58ff7e2c73e0d158024578053f2d6c,Inventario y busqueda tematica; lectura focalizada segun informe,15
supabase/migrations/019_business_sectors_occupations.sql,10099,8179fea1722b714986f9c0bdaab2570fcefb7863a48eca862b5db38bbf50c317,Inventario y busqueda tematica; lectura focalizada segun informe,0
supabase/migrations/020_campaign_sector_targeting.sql,6883,1ac4dad4c6ef5a3510da94ac4a042e7d6d57932495707c633c46200ade7a38d2,Inventario y busqueda tematica; lectura focalizada segun informe,0
supabase/migrations/021_campaign_impressions_sector.sql,648,1c41780493ebf17220fcb74a0fc4b99794e086080624bf6b8e7880ddbb0d1d5b,Inventario y busqueda tematica; lectura focalizada segun informe,0
supabase/migrations/022_security_hardening_rls.sql,3272,4252fecc63469ea1531dc14e7b1b4890882b74e50eb3d5bf9a37047ffdf7dbac,Inventario y busqueda tematica; lectura focalizada segun informe,2
supabase/migrations/024_content_generation_rules.sql,3060,2f454ef8e99c816e7e2bb5ff1fbf2a8d61e8ee416c93d15163266fa3c92b855d,Inventario y busqueda tematica; lectura focalizada segun informe,4
supabase/migrations/025_belt_exam_kata_fifth_case.sql,5063,15c67d18a1e413f33d6be287f2bd9b93e9485960218d9f5ec881f0784cb57efe,Inventario y busqueda tematica; lectura focalizada segun informe,0
supabase/migrations/026_learning_progress.sql,14311,370dd30073efe6b4b9b794a643be4c06dbc0d8a3a41261a5ed01260e75f6eb10,Inventario y busqueda tematica; lectura focalizada segun informe,3
supabase/migrations/027_learning_bank_seed.sql,2007353,3edca6bf88977f9f56c52e16eb9cd8626e0c13fe2bb0219e389976df5d01dba1,Inventario y busqueda tematica; lectura focalizada segun informe,1471
supabase/migrations/028_learning_bank_option_cleanup.sql,24554,1a93016275f7ed03de42f0dae084c4fb9da8a5015812f7b4c91cc4a839e6ff54,Inventario y busqueda tematica; lectura focalizada segun informe,1
supabase/migrations/029_sensei_challenge_minigame.sql,2412,37444d5c461bc6cc0e158927fb8905df38ad83dedde8bb3c731145539a7c2091,Inventario y busqueda tematica; lectura focalizada segun informe,0
supabase/migrations/030_campaign_donation_priority.sql,5344,a043d2599d74a81564489c492910e7c78f195cf0be919334e82c82706a01bc35,Inventario y busqueda tematica; lectura focalizada segun informe,0
supabase/migrations/031_news_agent_sources_and_report.sql,1332,538ecdf61d972e49b122c8ff75f63198bc5047b28f8e35432b58b46303cb746a,Inventario y busqueda tematica; lectura focalizada segun informe,2
supabase/migrations/032_news_agent_gemini_provider.sql,1128,3ef372e744798b9e4ad842ce4a3fbf39505df8dab653c97fc52ab8f5b0e4195e,Inventario y busqueda tematica; lectura focalizada segun informe,9
supabase/migrations/034_ai_provider_vault_keys.sql,2086,36ed3ac3132524cbf222bf33fbc2070586707f9e4a417cb8f984f3468a66f685,Inventario y busqueda tematica; lectura focalizada segun informe,10
supabase/migrations/035_ai_provider_admin_policies.sql,1325,9c465b0ffa881f0dfd36ca79c937653120f941add2b8cc01301a25274f0051bb,Inventario y busqueda tematica; lectura focalizada segun informe,12
supabase/migrations/036_vault_set_provider_secret.sql,1106,662298916e040051cf854975a5fd83a13543b903ccd1f8c3aa8e67bfad7a58f8,Inventario y busqueda tematica; lectura focalizada segun informe,5
supabase/migrations/037_try_pg_cron.sql,209,1f1d26eb61ef08312bb84321cab1a384b8155edd813c14170be86759215a90b3,Inventario y busqueda tematica; lectura focalizada segun informe,0
supabase/migrations/038_verify_pg_cron.sql,131,b64193fde08c17638c63036ebe16546056b4fd3348f7c30b0e234a0e231378e6,Inventario y busqueda tematica; lectura focalizada segun informe,0
supabase/migrations/039_try_pg_net.sql,192,058ad25f2fde3ef0de95e6a63d3bb884bc4eda983b4a5d2f9196083577e0d2b6,Inventario y busqueda tematica; lectura focalizada segun informe,0
supabase/migrations/040_news_agent_pg_cron_dispatcher.sql,2683,321b2f4437f0c919fa72ecbe4f3c9530f6acc7dfd7dd5f4306b0212765e905ad,Inventario y busqueda tematica; lectura focalizada segun informe,1
supabase/migrations/041_verify_cron_job.sql,442,0ba13be611eee3a2a73a26be9e875b79a748862980b267e4facefc0c69447dd6,Inventario y busqueda tematica; lectura focalizada segun informe,0
supabase/migrations/042_agent_runs_partial_status.sql,555,b5156ebba0b6cd27c3061e1091ff64c1659b4d80e480d98a5e42747e4c9b0050,Inventario y busqueda tematica; lectura focalizada segun informe,1
supabase/migrations/043_set_provider_secret_self_heal.sql,1543,d4dd97025870617bb1d199b132ef5392122b15dbdb83c451ca26c579e340e96b,Inventario y busqueda tematica; lectura focalizada segun informe,6
supabase/migrations/044_sync_news_questions_to_learning_items.sql,6235,184bdb977c690a4a372b89994f161dcd4b07e1e4550f933308e780309407564c,Inventario y busqueda tematica; lectura focalizada segun informe,17
supabase/migrations/045_fix_sync_options_array_type.sql,3290,a12177c474fe60539670fbb13c46000883135ee9d4df08837f97e119c9cfd3df,Inventario y busqueda tematica; lectura focalizada segun informe,6
supabase/migrations/046_news_agent_uploads_bucket.sql,726,ce33b9ad3938debadb07f76d7ec3f551fe33087ca5a7a824d0ab2ef71e792b2c,Inventario y busqueda tematica; lectura focalizada segun informe,1
supabase/migrations/047_championship.sql,10897,2a5e325a5585637afdaef303411647cf0f2cdc05c48bbcd658f8f21e4c57d0f3,Inventario y busqueda tematica; lectura focalizada segun informe,1
supabase/migrations/048_app_secrets.sql,782,68fcdba06a6b74c1224e594ebbd540fc6289f3746516221dbe5e240d71fe1602,Inventario y busqueda tematica; lectura focalizada segun informe,5
supabase/migrations/049_championship_match_rpcs.sql,8118,1b1d21c2025d2f1e8c5c57b5897a03f7fbc1afc856e9350a8e3e219d7c185f0a,Inventario y busqueda tematica; lectura focalizada segun informe,0
supabase/migrations/050_lock_championship_internal_fns.sql,660,c510e4a7926272a505898a224b63563772a7a07a8555f7ec07b40e407a487516,Inventario y busqueda tematica; lectura focalizada segun informe,0
supabase/migrations/051_fix_championship_difficulty_source.sql,5710,75f153941b9306e5d8a0814b4af67968e925f2bff861fe365d9288a302b0c235,Inventario y busqueda tematica; lectura focalizada segun informe,0
supabase/migrations/052_security_center.sql,3975,2b79cbc43fbd96161a43f143ebce91849db6ec3f223f5ad0b863ee8afc935c99,Inventario y busqueda tematica; lectura focalizada segun informe,5
supabase/migrations/053_rate_limit_rpc.sql,1200,1bdc392d0ca028ae084124741584f99ac8772231512623141e9286252f1ae563,Inventario y busqueda tematica; lectura focalizada segun informe,0
supabase/migrations/054_security_center_phase3_4.sql,3699,b78b00a0c155f09d95a2f3c1a7f530a166ee22dcd6635f1758126d651e8a8143,Inventario y busqueda tematica; lectura focalizada segun informe,2
supabase/migrations/055_security_center_jobs.sql,3875,a05bebfd6122e818d21a0218173f67fa36a4ab994c742f977beb748f2f017a5e,Inventario y busqueda tematica; lectura focalizada segun informe,0
supabase/migrations/056_list_storage_buckets_rpc.sql,753,b4cce6176ff50af65ee63a488ebc28ca67ff3207aa0d0a4dcdc811dc582fe29a,Inventario y busqueda tematica; lectura focalizada segun informe,0
supabase/migrations/057_questions_source_type_incident_kata.sql,506,3e363a1965e3953095ca39cea24b021e917157843976297895c7dc084e9a1937,Inventario y busqueda tematica; lectura focalizada segun informe,1
supabase/migrations/058_learning_state_guest_fix.sql,2715,8a12f0c45b79a0ca86c4422f2b27843d77b3b9678cc19597c7a5f1864ab7bdcc,Inventario y busqueda tematica; lectura focalizada segun informe,0
supabase/migrations/059_learning_state_hide_answer_until_answered.sql,2684,8efda126a502240e16f8e1756c59ffad9574b2afa564f333a1d900865d42173a,Inventario y busqueda tematica; lectura focalizada segun informe,0
supabase/migrations/060_sensei_consultations_column_grants.sql,598,585a4ec3af8ed02aea4a8f81f60bc7efedf97ef6f3dfab61925b336b050bf329,Inventario y busqueda tematica; lectura focalizada segun informe,1
supabase/migrations/061_minigame_check_only_served_questions.sql,3521,6e158e4245c132b2ac691e934738efb8971a4b0f4cac9c2cd42d174f74f66b92,Inventario y busqueda tematica; lectura focalizada segun informe,0
supabase/migrations/062_championship_messages_guests_opponent.sql,5051,81664255e36f07779722ae0c932814c706bf4b58ed44d0fa0f1eed60d1207300,Inventario y busqueda tematica; lectura focalizada segun informe,0
supabase/migrations/063_championship_clock_integrity.sql,7031,3d522ef843aaf0a274320bfc821d99527370516181131aa666c5c52ed57ac5ab,Inventario y busqueda tematica; lectura focalizada segun informe,0
supabase/migrations/064_championship_start_match_total.sql,2535,50421e0b5369c928b7c8e2e26da39c7e0974213cad36d0a1f7522eb5e58a3e18,Inventario y busqueda tematica; lectura focalizada segun informe,0
supabase/migrations/065_admin_dojo_stats.sql,1560,6af2a54828500261364d91a8ca82089786f5b6d35fac5b8750a32456ae845958,Inventario y busqueda tematica; lectura focalizada segun informe,0
supabase/migrations/066_admin_sensei_topics.sql,1213,5d2f576407da2b5436a01c4a3f5aec61f04ee8c0f8b9ae0262d9880527afe21f,Inventario y busqueda tematica; lectura focalizada segun informe,0
supabase/migrations/067_admin_user_summary.sql,1222,94e81316ec5390c4e19e263d42cc95dc14975f370920f28be0ee968b91848108,Inventario y busqueda tematica; lectura focalizada segun informe,0
supabase/migrations/068_campaign_ads_hardening.sql,1823,62bbe740291d6273c57e236d2e131429f998357a4c4759dd3f9abb66b29fc55a,Inventario y busqueda tematica; lectura focalizada segun informe,0
supabase/migrations/069_question_answer_length_parity.sql,4360,bd719bd88905c4ad1ac5559685ba7c0acff7ebed1e416fedb9e42f51a5b07c63,Inventario y busqueda tematica; lectura focalizada segun informe,6
supabase/migrations/070_question_bank_importer_agent.sql,4287,826f6517759dc6d01327e272a8a319e204950d630a76a019b37ebe3361368458,Inventario y busqueda tematica; lectura focalizada segun informe,8
supabase/migrations/071_question_moodle_rules.sql,9970,d20e461c2184925ce49fa922f5cb14140c0b86b3681963b034d01067390eb663,Inventario y busqueda tematica; lectura focalizada segun informe,5
supabase/migrations/072_learning_item_rebalancer_agent.sql,3631,47119fc8245168879cdd13e55c61da56a380c44848c39ba9db53b64810244496,Inventario y busqueda tematica; lectura focalizada segun informe,7
supabase/templates/magic_link.html,1778,feae03c1dd43e8e919788f1e1d6e3745427ec6fe4090248733273525790a7677,Inventario y busqueda tematica; lectura focalizada segun informe,0
tests/admin/ai-providers.spec.ts,5544,31f517874031ec98f632fc77e0799d18d7527589605208fb7bf4a83a090da0ea,Inventario y busqueda tematica; lectura focalizada segun informe,27
tests/admin/alerts.spec.ts,7158,b03ffc4b0824b6093bc02f5f82e668afa4f70858bbfd7a29d9b3912ea2a831f7,Inventario y busqueda tematica; lectura focalizada segun informe,2
tests/admin/campaigns.spec.ts,10173,62c30d435693c45c6561f3b5d48ea1d410ed5b3c768a5eeda4f5316456d10ce6,Inventario y busqueda tematica; lectura focalizada segun informe,1
tests/admin/championship.spec.ts,10025,75c8a2349c7a2c35408a47c82f7d585db8c9b0546565c73aa966f74fbf30e644,Inventario y busqueda tematica; lectura focalizada segun informe,0
tests/admin/dojos.spec.ts,3584,540e0ad706fdae0bc03b275b6f5d5d1b7e641d5f72161c70aa0faabadb86ef7a,Inventario y busqueda tematica; lectura focalizada segun informe,0
tests/admin/news-agent.spec.ts,10129,bfb793320bea7a49eebf3fd6b4db5552c44282f70dd736aefc5b305419cbb206,Inventario y busqueda tematica; lectura focalizada segun informe,24
tests/admin/occupations.spec.ts,8036,29ac024cbcf3027f2b992f2826796889229f38ab5fee2b16329af699fa4d777c,Inventario y busqueda tematica; lectura focalizada segun informe,0
tests/admin/open-questions.spec.ts,4434,e6c21f9d72559b6ef181f1959406ee898f06405fea7c29ffcec8ffe3ac55fc83,Inventario y busqueda tematica; lectura focalizada segun informe,0
tests/admin/overview.spec.ts,3118,782a26b4044945315a250bed76e1ea2c10ad3307c25e01af4e1c24c678ba3df5,Inventario y busqueda tematica; lectura focalizada segun informe,0
tests/admin/questions.spec.ts,11871,938f5aff5e8454a3b0492795350ac7ddb944eb7f5016c7a1eeb963c61f9e0332,Inventario y busqueda tematica; lectura focalizada segun informe,13
tests/admin/reports.spec.ts,6497,65b1982ecfaa6acd9fb1e654c52d6516d094542899604164f17963f32efad73b,Inventario y busqueda tematica; lectura focalizada segun informe,1
tests/admin/security-center.spec.ts,9737,193b6866a2cfac21eefa06cc45e2cb5d16ec47ad4ddacc48ac652123c4f48cff,Inventario y busqueda tematica; lectura focalizada segun informe,0
tests/admin/sensei-stats.spec.ts,4476,7d668ed7d15736ead25796483d1bc9e14ab128940ad6639f10174fc5c712db9b,Inventario y busqueda tematica; lectura focalizada segun informe,0
tests/admin/server.spec.ts,5254,c7d655915eee3e6c5bc5dfa9ec4ea48be35ac373b94a5837bb8ed323f3c54803,Inventario y busqueda tematica; lectura focalizada segun informe,0
tests/admin/shell.spec.ts,6927,0fa00270f51aa332b30ec4008f32d5b10c0782dbe244da305e10fe7eda422262,Inventario y busqueda tematica; lectura focalizada segun informe,0
tests/admin/start-admin.cjs,3985,01e53641c469aa124daa8d19ffb22a731664de40477bfeba67d097115d51e7fc,Inventario y busqueda tematica; lectura focalizada segun informe,7
tests/admin/threat-intel.spec.ts,11049,4a0d64a632114a7bc6a054de6c423cc4dfb88079cd8a03d36cf4dfad4e7bdbf8,Inventario y busqueda tematica; lectura focalizada segun informe,14
tests/admin/users.spec.ts,6501,1c00d03964fdc1024917eddd667269f1058bf46dd4978ce31ddd00306899a15a,Inventario y busqueda tematica; lectura focalizada segun informe,1
tests/cinematic-app.cjs,11284,edee0e3d085034586b5f8c942f38ec46ae10d6726723fba545482df5ad7a5ccb,Inventario y busqueda tematica; lectura focalizada segun informe,1
tests/example.spec.ts,583,a3cbab846a58843b6350e2cc96801b4b6c41e86880451a68c9a01b149708a042,Inventario y busqueda tematica; lectura focalizada segun informe,0
tests/frontend/auth-fixture.ts,2529,fa55ef3ff2e9b22ab56207ed83a7a80a0ab6e44ed8b5743a56f3a9ab2c36b4f7,Inventario y busqueda tematica; lectura focalizada segun informe,0
tests/frontend/base.spec.ts,2584,74bfdbe4b48cb371e570c1596491a27c99b3b3141f70bed49d46b376eed5923d,Inventario y busqueda tematica; lectura focalizada segun informe,0
tests/frontend/callback.spec.ts,2294,e764aa5eab10418cc011f4142feb57588f0407bebb859d2c8c0b96c9ceb19afc,Inventario y busqueda tematica; lectura focalizada segun informe,0
tests/frontend/campaign-ad.spec.ts,2499,76d4a95a17731aeb99d675d9c2629015bab87e6924e2a175c02bddfa05d9a4ef,Inventario y busqueda tematica; lectura focalizada segun informe,0
tests/frontend/championship-match.spec.ts,7031,f0dbc9cf3acffe1ca64d9e0b1033402647b1b01366cf450d05fe011e5204b377,Inventario y busqueda tematica; lectura focalizada segun informe,0
tests/frontend/championship.spec.ts,7082,65e3952307c1673e567b38f1642fc85a2ec37b603fb81903b3b77508fbbc52c4,Inventario y busqueda tematica; lectura focalizada segun informe,0
tests/frontend/characters.spec.ts,3749,c786f4878f8d253a4301064ee281541c9c8d9f679cc8b8704e72efc683aaa949,Inventario y busqueda tematica; lectura focalizada segun informe,0
tests/frontend/dashboard.spec.ts,5149,a80a5bca155f07c555f21fc9dbc161a61c85d3a188268c7ac1915c79ff58d9eb,Inventario y busqueda tematica; lectura focalizada segun informe,0
tests/frontend/dojo-detail.spec.ts,8766,26eaaa2d76259c1c247b6681d7a1bef71490bebdec6343dea869dfbfef2d214f,Inventario y busqueda tematica; lectura focalizada segun informe,0
tests/frontend/dojos.spec.ts,4860,44ed6774ce369730a4fd214ae08836584d0677fa4e34b619099461837163bea5,Inventario y busqueda tematica; lectura focalizada segun informe,0
tests/frontend/helpers.ts,794,571c34bbe3dc21983de686908baf9b1e7d09807626f475f2e9c51c1b2dd3b929,Inventario y busqueda tematica; lectura focalizada segun informe,0
tests/frontend/kata-exam.spec.ts,5989,4fd18c9573e047a27db1baa4463abdc8805dfacb91b19f31ebcb6633ce3323be,Inventario y busqueda tematica; lectura focalizada segun informe,0
tests/frontend/landing.spec.ts,4295,3753e5cf7ccfcc018c1fc6025211dfdde084d41b0f3e439069891f9a9b5686dc,Inventario y busqueda tematica; lectura focalizada segun informe,0
tests/frontend/login.spec.ts,5566,a2a9ef29651f8dbe3bc397df444d8e938f3330f3e432bd61a1959d925e53f087,Inventario y busqueda tematica; lectura focalizada segun informe,0
tests/frontend/overlays.spec.ts,5356,dbbd26fc1e7879879841b304d8185586783bed6eb4fdde878bfac61d924671f4,Inventario y busqueda tematica; lectura focalizada segun informe,0
tests/frontend/profile.spec.ts,4053,00f35d2b891345833fec0a202241c392428a1cad69350da5ab313eefaa8a685c,Inventario y busqueda tematica; lectura focalizada segun informe,0
tests/frontend/ranking.spec.ts,4515,8ab9d08c9fc1756d8a707e0ac6602543da89f7bcd45e94ac823f6638c2697a0a,Inventario y busqueda tematica; lectura focalizada segun informe,0
tests/frontend/register.spec.ts,5836,10dc1768feacde5791ca7ecb204536bb53965e3acc19e5550f6adf93c6650c33,Inventario y busqueda tematica; lectura focalizada segun informe,6
tests/frontend/reset-password.spec.ts,5693,3b834fc34387852433f6678afb31ea7a205c58af597d5d0cde52b233615c21a8,Inventario y busqueda tematica; lectura focalizada segun informe,1
tests/frontend/scanner.spec.ts,5322,681d34cb704ef8f3b0a9192677ad7d571c58dfbb175ec16c6fec0e5c39b3a7e1,Inventario y busqueda tematica; lectura focalizada segun informe,5
tests/frontend/sensei-challenge.spec.ts,6103,fce99e43049dd87b0ba776ad77549a2d5c37b5cfc2f19a4ec19bf63c736fce0f,Inventario y busqueda tematica; lectura focalizada segun informe,0
tests/frontend/sensei.spec.ts,6253,ad1762e4b15423151c6946cde781b8b3b83089032b28e165f4c3aadd40c6a7e7,Inventario y busqueda tematica; lectura focalizada segun informe,1
tests/frontend/shell.spec.ts,7873,7002411e29cdca93c63c8382447303f4f3e44dbcc5f5f2565bf71d2ce23bf0d6,Inventario y busqueda tematica; lectura focalizada segun informe,0
tests/frontend/tenant-admin.spec.ts,6177,784d44c74492f0788ebd6313b1bbc1d6709807719bb9c6a147627cbe19faa45a,Inventario y busqueda tematica; lectura focalizada segun informe,0
tests/learning.visual.cjs,5030,f585ebf3f55b0f13019a66aec69a8e5d95a6ab1991fe639e95166329b354be7b,Inventario y busqueda tematica; lectura focalizada segun informe,0
tests/learning_database.sql,7900,9517b0012d68fd1a530bf3003320e5727d7da841b8408ddb91a0a24953774be4,Inventario y busqueda tematica; lectura focalizada segun informe,1
tests/proposal.visual.cjs,4056,c87973a6c5ee7504d9ba87c9c8323c249113620301cdde8703a1e8933623d212,Inventario y busqueda tematica; lectura focalizada segun informe,0
tests/shuffle-options.test.cjs,4011,c162ef6bf64a04e1d4fc82a7cc740018042b9cba414a8763c83636d3b66472ed,Inventario y busqueda tematica; lectura focalizada segun informe,0
tests/test_learning_bank.py,2631,09dd7372a92377178be87ccbdad54d1adde9a1897b044911816f1a310dbd51b1,Inventario y busqueda tematica; lectura focalizada segun informe,2
tests/url-guard.test.cjs,2335,5beea8ec2b796c754f3cf4d46016bf6b35f060522dc79ec04c1375213ca536df,Inventario y busqueda tematica; lectura focalizada segun informe,1
